village_id_rand,treatment,total_bl_villavg,hindi_bl_villavg,math_bl_villavg,english_bl_villavg,total_ely1_villavg,hindi_ely1_villavg,math_ely1_villavg,english_ely1_villavg,total_ely2_villavg,hindi_ely2_villavg,math_ely2_villavg,english_ely2_villavg,total_ely3_villavg,hindi_ely3_villavg,math_ely3_villavg,english_ely3_villavg,child_female_villfrac,child_scst_villfrac,number_students
1,1,7.0512819,2.6410255,2.2307692,2.1794872,10.12,4.1199999,3.3199999,2.6800001,9,3.5999999,2.8,2.5999999,9.7368422,3.2105262,3.2631578,3.2631578,.48717949,.35897437,39
2,0,7.2692308,2.6538463,2.6153846,2,10.142858,4.2142859,3.3571429,2.5714285,10.428572,3.8571429,3.5,3.0714285,11.071428,4.6428571,3.3571429,3.0714285,.5,.69230771,26
3,1,6.1428571,2.1428571,2.0714285,1.9285715,9,3.5,2.75,2.75,5.8571429,1.7142857,1.8571428,2.2857144,9.3999996,2.8,3.4000001,3.2,.5714286,0,14
4,1,7.48,3,2.3199999,2.1600001,11.6,5.1999998,3.4666667,2.9333334,12.6,4.8666668,3.9333334,3.8,13.733334,4.8666668,4.5999999,4.2666669,.51999998,.16,25
5,0,5.352941,2,2.0588236,1.2941177,7.181818,2.909091,2.3636363,1.9090909,10.75,3.875,4,2.875,10.166667,3.6666667,3.6666667,2.8333333,.64705884,0,17
6,0,8.2666664,3.3666666,2.5999999,2.3,12.235294,4.7647057,3.8235295,3.6470587,11.411765,4.7647057,3.6470587,3,9.2352943,3.6470587,3.2352941,2.3529413,.5,.16666667,30
7,0,8.2058821,3.2352941,2.7352941,2.2352941,11.789474,5,3.9473684,2.8421052,11.578947,4.7894735,3.6315789,3.1578948,12.642858,4.7142859,4,3.9285715,.47058824,.47058824,34
8,0,7.4193549,3.0645161,2.4516129,1.9032258,9.6842108,4.0526314,3.1052632,2.5263157,10.294118,4.2941175,3.1764705,2.8235295,11.714286,5.2142859,3.4285715,3.0714285,.58064514,.96774191,31
9,0,8.8999996,3.7,3,2.2,10,4.375,2.9375,2.6875,11.166667,4.5833335,3.6666667,2.9166667,11.285714,4.1428571,3.7142856,3.4285715,.44999999,.89999998,20
10,0,7.6875,2.875,2.375,2.4375,13,5.3333335,4.1111112,3.5555556,12.25,4.75,4,3.5,10.888889,4.2222223,3.2222223,3.4444444,.5625,.375,16
11,0,6.4166665,2.5833333,2.0833333,1.75,10.2,4.5999999,2.5999999,3,8.625,3.625,2.625,2.375,8.4285717,3.2857144,2.7142856,2.4285715,.5,.75,12
12,0,5.4615383,2.1538463,1.8461539,1.4615384,9.8000002,4,3,2.8,8.4285717,3.5714285,2.7142856,2.1428571,8.4444447,3.1111112,2.5555556,2.7777777,.30769232,1,13
13,1,5.3000002,1.6,1.8,1.9,6.8888888,2.7777777,2,2.1111112,8.6000004,3.2,3,2.4000001,6.3333335,1.3333334,2.6666667,2.3333333,1,.69999999,10
14,1,7.1071429,2.6071429,2.5357144,1.9642857,10.214286,3.7857144,3.3571429,3.0714285,8.3999996,2.8666666,2.8666666,2.6666667,9.7647057,3.5882354,3.1176472,3.0588236,.4642857,.035714287,28
15,0,4.6153846,1.5769231,1.6923077,1.3461539,8.1428576,3.2142856,2.7142856,2.2142856,6.9285712,2.7142856,2.2857144,1.9285715,7.1428571,2.7857144,2.3571429,2,.5,.42307693,26
16,0,10.68,4.4000001,3.24,3.04,12.294118,4.8823528,3.8823528,3.5294118,13.133333,5.5333333,3.9333334,3.6666667,13.090909,5.4545455,4.3636365,3.2727273,.36000001,1,25
17,0,4.3333335,1.6666666,1.3333334,1.3333334,8.666667,4,2.6666667,2,6.75,2.5,2.5,1.75,6.5,2.5,2.375,1.625,.58333331,1,12
18,0,7.1111112,3,2,2.1111112,11.444445,5.2222223,3,3.2222223,11.5,5.1999998,3.3,3,11.5,4.75,3.5,3.25,.77777779,1,18
19,0,8.333333,3.3,2.5666666,2.4666667,11.315789,4.6315789,3.4210527,3.2631578,10.764706,4.5882354,3.2352941,2.9411764,10.9375,4.5625,3.125,3.25,.46666667,1,30
20,0,8.212121,3.3636363,2.5454545,2.3030303,11.636364,4.909091,3.5,3.2272727,11.647058,5.1764708,3.4117646,3.0588236,10.8,4.6666665,3.1333334,3,.60606062,.969697,33
21,0,7.0799999,2.4000001,2.5999999,2.0799999,10,4.2857141,3.2857144,2.4285715,9.3529415,3.7647059,3.0588236,2.5294118,10,4.2142859,3,2.7857144,.56,.88,25
22,1,7.7777777,3.2222223,2.5555556,2,12.5,5,4,3.5,11.5,4.3333335,3.6666667,3.5,12.833333,5,4,3.8333333,.55555558,1,9
23,1,6.5,2.3333333,2.3333333,1.8333334,10.8,4.1999998,3.5999999,3,10.166667,3.8333333,3.3333333,3,13.5,4.75,4.5,4.25,.66666669,1,12
24,1,5.6363635,2.0454545,2.0454545,1.5454545,8.916667,3.25,3.4166667,2.25,8.7692308,3.2307692,3.1538463,2.3846154,9.3846149,3.1538463,3.3076923,2.9230769,.5,.90909094,22
25,1,6.090909,2.340909,2.0681818,1.6818181,8.833333,3.5333333,2.8666666,2.4333334,9.2962961,3.5925925,3.1111112,2.5925925,10.555555,3.7037036,3.6666667,3.1851852,.5,.93181819,44
26,1,6.0833335,2.25,2.1666667,1.6666666,9.0769234,3.2307692,3.2307692,2.6153846,10.142858,3.5,3.3571429,3.2857144,10.846154,3.3846154,3.8461537,3.6153846,.58333331,.91666669,24
27,0,9.4736843,3.6315789,3.3684211,2.4736843,13.363636,5.3636365,4.090909,3.909091,11.181818,4.2727275,3.8181818,3.090909,11,4,3.7,3.3,.63157892,1,19
28,1,6.2727275,2.3181818,2.2272727,1.7272727,9.727273,3.7272727,3.4545455,2.5454545,8.666667,2.75,3.1666667,2.75,11.4,3.7,4.1999998,3.5,.45454547,1,22
29,1,7.0799999,3.1199999,2.1199999,1.84,10.866667,4.4666667,3.5333333,2.8666666,10.714286,4.1428571,3.4285715,3.1428571,10.4,3.7,3.5,3.2,.56,1,25
30,0,7.1176472,2.7647059,2.5588236,1.7941177,11.529411,4.8235292,3.8823528,2.8235295,9.863636,4.1363635,3.2272727,2.5,9,3.5555556,3,2.4444444,.55882353,.58823532,34
31,0,7.2352943,2.9705882,2.5,1.7647059,9.590909,4.0454545,3.1818182,2.3636363,7.9444447,3.3333333,2.6666667,1.9444444,9.7777777,4.0555553,3.1666667,2.5555556,.55882353,.58823532,34
32,1,7.4814816,3.1111112,2.3703704,2,10.733334,4.5999999,3.1333334,3,9.9375,3.875,3.125,2.9375,10.266666,3.8,3.2666667,3.2,.48148149,1,27
33,1,6.5999999,2.5999999,2.3,1.7,10.571428,4.4285712,3.1428571,3,12.888889,5.7777777,3.5555556,3.5555556,10.444445,4.1111112,3.2222223,3.1111112,.69999999,.15000001,20
34,1,8.666667,3.6888888,2.6222222,2.3555555,12.115385,5.2307692,3.6538463,3.2307692,12.304348,5.304348,3.6086957,3.3913043,12.461538,4.8461537,3.9615386,3.6538463,.51111114,.95555556,45
35,0,7.0769229,2.8846154,2.1538463,2.0384614,9.5882349,4.0588236,2.8823528,2.6470587,10,4.4117646,3.0588236,2.5294118,9.666667,4.1333332,3.1333334,2.4000001,.61538464,.69230771,26
36,0,5.6363635,2.090909,2.090909,1.4545455,8.7142859,3.4285715,2.8571429,2.4285715,10.428572,4.2857141,3,3.1428571,10.714286,4.5714288,3.4285715,2.7142856,.54545456,.36363637,11
37,1,7.8095236,3.0952382,2.4285715,2.2857144,11,4.6153846,3.3846154,3,12.769231,5.1538463,3.9230769,3.6923077,12.857142,4.8571429,4.1428571,3.8571429,.42857143,1,21
38,0,7.0769229,2.8461537,2.1538463,2.0769231,8.8235292,3.7058823,2.5882354,2.5294118,8.5,3.4285715,2.7857144,2.2857144,7.9230771,3,2.6153846,2.3076923,.57692307,1,26
39,0,9.2142859,3.7142856,2.9285715,2.5714285,12.444445,5.4444447,3.3333333,3.6666667,10.777778,4.6666665,3,3.1111112,11.666667,4.8888888,3.4444444,3.3333333,.35714287,1,14
40,0,8.7142859,3.6428571,2.4285715,2.6428571,10.538462,4.3076925,3.2307692,3,12.090909,4.909091,3.4545455,3.7272727,13.166667,5.8333335,3.6666667,3.6666667,.35714287,0,14
41,1,6.625,2.6500001,2.175,1.8,9.875,3.9166667,3.2916667,2.6666667,10.08,4.1599998,3.0799999,2.8399999,10.703704,3.7777777,3.4814816,3.4444444,.47499999,.57499999,40
42,1,6.5714288,2.7142856,2.1428571,1.7142857,9.25,4,2.75,2.5,9,3.75,3,2.25,6.25,2.25,2.25,1.75,.2857143,.71428573,7
43,0,6.9130435,2.673913,2.4130435,1.826087,9.3448277,4.1034484,3.0344827,2.2068965,9.2399998,3.72,3.1199999,2.4000001,10.074074,4.185185,3,2.8888888,.45652175,.47826087,46
44,0,7.8076925,2.7692308,2.9615386,2.0769231,12,4.75,4,3.25,11.133333,4.5999999,3.6666667,2.8666666,11.375,4.5,3.6875,3.1875,.46153846,.11538462,26
45,0,6,2.2083333,2.2916667,1.5,7.6923075,3,3,1.6923077,10.384615,3.4615386,4.2307692,2.6923077,11.214286,4.5,4.1428571,2.5714285,.5,.041666668,24
46,0,6.1944447,2.4444444,2.1111112,1.6388888,8.208333,3.5416667,2.5,2.1666667,8.8800001,3.5999999,3.1600001,2.1199999,8.5714283,3.7142856,2.7142856,2.1428571,.41666666,.3888889,36
47,1,6.7894735,2.7894738,2.1578948,1.8421053,9.272727,3.7272727,3,2.5454545,10.583333,4,3.4166667,3.1666667,11.545455,4,4,3.5454545,.36842105,0,19
48,0,6.5555553,2.2777777,2.3888888,1.8888888,10,4.1111112,3,2.8888888,11.333333,4.8888888,3.3333333,3.1111112,10.4,4.5999999,3.2,2.5999999,.44444445,.055555556,18
49,1,5.8400002,1.96,2,1.88,8.4375,3.3125,2.75,2.375,9,3.4166667,3.0833333,2.5,11.090909,4,3.6363637,3.4545455,.47999999,.31999999,25
50,0,7.7142859,3.0714285,2.3571429,2.2857144,10.5,4.5,3.25,2.75,9.625,4,2.875,2.75,10.714286,4.7142859,2.7142856,3.2857144,.5,.21428572,14
51,0,6.1724138,2.4137931,2.1379311,1.6206896,9.1111107,3.8333333,2.9444444,2.3333333,9.8888893,3.9444444,3.1666667,2.7777777,8.0666666,3.5999999,2.7333333,1.7333333,.41379312,.34482759,29
52,0,8.1111107,3.2962964,2.7407408,2.074074,11.352942,5.1176472,3.2941177,2.9411764,11.733334,5.3333335,3.2,3.2,11.4,4.8000002,3.4000001,3.2,.37037036,0,27
53,0,7.1999998,2.6333334,2.3,2.2666667,9.833333,3.8333333,3,3,9.8823528,3.8235295,3.1764705,2.8823528,10,4.1111112,2.8888888,3,.46666667,.1,30
54,1,5.3589745,2,2.025641,1.3333334,7.9583335,3.125,2.875,1.9583334,8.0625,3.625,2.4375,2,9.5,3.1428571,3.2857144,3.0714285,.53846157,.33333334,39
55,0,4,1.2,1.6,1.2,5.5,2.5,2,1,7,3,2.5,1.5,7,2.6666667,2.6666667,1.6666666,.40000001,1,5
56,1,4.5999999,1.3333334,2.0666666,1.2,6.8000002,2.7,2.3,1.8,9,3.4545455,3.090909,2.4545455,12.555555,4.5555553,4.1111112,3.8888888,.33333334,0,15
57,0,6.7272725,2.590909,2.3181818,1.8181819,8.3999996,3.4666667,2.8666666,2.0666666,,,,,,,,,.5,.31818181,22
58,1,7.9444447,3.2777777,2.6944444,1.9722222,11.3,5.0500002,3.3,2.95,11.15,5,3.2,2.95,12.590909,4.681818,4.181818,3.7272727,.3888889,.47222221,36
59,1,5.96875,2.15625,2.03125,1.78125,8.5238094,3.2857144,2.6190476,2.6190476,9.4444447,3.3333333,3.2777777,2.8333333,9.75,3.625,3.1875,2.9375,.34375,.15625,32
60,1,4.9583335,1.8333334,1.875,1.25,5.8235292,2.2352941,2.3529413,1.2352941,5.8461537,2.1538463,2.2307692,1.4615384,8.181818,3.090909,2.6363637,2.4545455,.54166669,1,24
61,1,7.7272725,3.2272727,2.7272727,1.7727273,10.466666,4.0666666,3.8,2.5999999,12.538462,5,3.9230769,3.6153846,13.272727,5.181818,4.090909,4,.45454547,.95454544,22
62,1,6.0384617,2.4615386,1.9615384,1.6153846,7.7647057,3.2352941,2.5294118,2,7.8000002,2.9333334,2.6666667,2.2,10.363636,4,3.3636363,3,.46153846,1,26
63,1,5.3000002,1.8,1.9,1.6,8.833333,3.1666667,2.8333333,2.8333333,8.7142859,3.2857144,3,2.4285715,11.666667,4.3333335,4,3.3333333,.60000002,1,10
64,0,6.8823528,2.6470587,2.4117646,1.8235294,9.272727,3.909091,2.909091,2.4545455,9.636364,3.909091,3,2.7272727,10.545455,4.181818,3.5454545,2.8181818,.35294119,1,17
65,1,7.939394,3.060606,2.5757575,2.3030303,11.238095,4.4285712,3.5238094,3.2857144,11.411765,4.4117646,3.7647059,3.2352941,13.5,5.0714288,4.3571429,4.0714288,.4848485,1,33
66,1,3.6666667,1.25,1.4166666,1,5.1666665,1.5,1.6666666,2,6.7777777,2.2222223,2.3333333,2.2222223,8.1999998,3,2.5999999,2.5999999,.33333334,1,12
67,1,7.7142859,3.3571429,2.5357144,1.8214285,10.263158,4.3157897,3.2105262,2.7368422,11.222222,4.7222223,3.3333333,3.1666667,12.466666,4.8000002,4.1333332,3.5333333,.5,.8214286,28
68,1,9.1428576,3.4285715,2.7142856,3,12.3,5,3.7,3.5999999,13,4.6666665,4,4.3333335,13,4.5999999,4.5999999,3.8,.42857143,1,14
69,0,9.1599998,3.3599999,2.96,2.8399999,13,4.7857141,4.2142859,4,12.266666,4.8000002,4.0666666,3.4000001,12.428572,4.6428571,3.8571429,3.9285715,.47999999,1,25
70,1,8.2222223,3.3888888,2.2222223,2.6111112,11.615385,4.7692308,3.0769231,3.7692308,10.416667,4.3333335,3,3.0833333,11.111111,4.2222223,3.3333333,3.5555556,.44444445,1,18
71,1,6.0357141,2.5,2.1071429,1.4285715,9.2222223,4,2.9444444,2.2777777,7.9333334,3.4000001,2.5333333,2,10.928572,4.2142859,3.5714285,3.1428571,.5,.4642857,28
72,0,10.545455,4,2.909091,3.6363637,13.125,5.25,3.75,4.125,14.666667,6,3.8333333,4.8333335,12.75,5,3.75,4,.27272728,.63636363,11
73,0,7.1538463,2.8461537,2.4615386,1.8461539,7.4000001,3.3,2.4000001,1.7,10.272727,4.909091,2.6363637,2.7272727,11.25,5.125,3,3.125,.53846157,1,13
74,1,5.5599999,1.92,2.1199999,1.52,7.8666668,3.1333334,2.8,1.9333333,10.714286,3.6428571,3.6428571,3.4285715,10.142858,3.5,3.3571429,3.2857144,.51999998,.51999998,25
75,0,7.375,2.875,2.375,2.125,11.2,4.8000002,3.4000001,3,8.666667,3.5,2.8333333,2.3333333,12.333333,5,3.6666667,3.6666667,.125,1,8
76,0,7,2.4545455,2.5227273,2.0227273,10.384615,4,3.3846154,3,9.8846149,3.6923077,3.3846154,2.8076923,9.75,3.75,3.3333333,2.6666667,.40909091,.86363637,44
77,1,6.7659574,2.4893618,2.2127659,2.0638299,9.6071424,3.6428571,3.1071429,2.8571429,8.727273,3.2272727,2.9545455,2.5454545,10.529411,4,3.1764705,3.3529413,.5106383,.65957445,47
78,1,7.2352943,3.4705882,2.1764705,1.5882353,11.875,5.375,3.625,2.875,9,3.8888888,2.5555556,2.5555556,12.555555,5.2222223,3.6666667,3.6666667,.35294119,.17647059,17
79,1,5.5,2.1500001,1.9,1.45,9.2307692,3.9230769,2.6923077,2.6153846,8.833333,3.75,2.75,2.3333333,11.636364,3.909091,4,3.7272727,.40000001,.5,20
80,1,5.8461537,1.8461539,2.1538463,1.8461539,7.3333335,2.6666667,2.6666667,2,9.8571424,4,3,2.8571429,12.166667,4,4.1666665,4,.46153846,.92307693,13
81,0,5.75,2.25,2.1666667,1.3333334,6.5,2.7,2.3,1.5,6.6666665,2.6666667,2.6666667,1.3333334,7,2.8,2.5999999,1.6,.5,.33333334,12
82,1,5.7083335,1.7916666,2.0416667,1.875,7.6153846,2.3846154,2.4615386,2.7692308,9.2857141,3.6428571,2.9285715,2.7142856,12.2,4.6666665,3.7333333,3.8,.54166669,.91666669,24
83,1,7.9756098,2.9756098,2.6341465,2.3658535,10.444445,4.185185,3.4074075,2.8518519,11.6,4.52,3.76,3.3199999,12.411765,5.0588236,3.8235295,3.5294118,.46341464,.41463414,41
84,1,5.7391305,2.1304348,2.0869565,1.5217391,6.3571429,2.3571429,2.2857144,1.7142857,8.8571424,3.4285715,3.2142856,2.2142856,9,2.8888888,3.5555556,2.5555556,.30434781,.52173913,23
85,1,6.9333334,3.0666666,2,1.8666667,9.1999998,4.1999998,2.5999999,2.4000001,11.285714,5.2857141,3,3,12,4.8571429,4.1428571,3,.40000001,.13333334,15
86,1,7.5500002,3.0250001,2.5250001,2,10.608696,4.4347825,3.2608695,2.9130435,10.65,4.3499999,3.1500001,3.1500001,11.217391,4.478261,3.6086957,3.1304348,.44999999,.57499999,40
87,0,6.5999999,2.4000001,2.4666667,1.7333333,8.3000002,3.3,2.8,2.2,8.5,3.7,2.5,2.3,8.375,3.375,2.5,2.5,.53333336,.33333334,15
88,0,6.347826,2.0869565,2.4347825,1.826087,8.2142859,2.9285715,2.9285715,2.3571429,9.375,3.125,3.5625,2.6875,8.916667,3.0833333,3,2.8333333,.52173913,.95652175,23
89,1,7.909091,3.1818182,2.4545455,2.2727273,11.2,4.8000002,3.2,3.2,13.25,5,4.25,4,9,3.25,3,2.75,.54545456,1,11
90,1,6.2272725,2.4545455,1.9090909,1.8636364,9.2142859,3.7857144,2.7857144,2.6428571,10.692307,4.3846154,3.2307692,3.0769231,11,4,3.6666667,3.3333333,.5,.81818181,22
91,1,9.1875,3.5,2.875,2.8125,13.5,5.25,4.25,4,11.555555,4.7777777,3.5555556,3.2222223,14.111111,5.4444447,4.4444447,4.2222223,.4375,.4375,16
92,1,5.2727275,1.8181819,2,1.4545455,7.5,3.3333333,2.5,1.6666666,9,3.8,2.8,2.4000001,11,3.6666667,3.8333333,3.5,.45454547,.63636363,11
93,0,7.7213116,2.9836066,2.5409837,2.1967213,10.447369,4.3684211,3.1052632,2.9736843,10.9375,4.71875,3.3125,2.90625,10.275862,4.1724138,3.0344827,3.0689654,.49180329,.54098362,61
94,0,6.6896553,2.4827585,2.3103449,1.8965517,9.1875,3.6875,2.75,2.75,9.1428576,3.7857144,2.8571429,2.5,9.666667,3.8666666,3.0666666,2.7333333,.51724136,.79310346,29
95,1,6.4516129,2.2903225,2.1935484,1.967742,10.647058,4.4117646,3.1176472,3.1176472,9.8235292,3.5294118,3.2941177,3,10.529411,3.8823528,3.1176472,3.5294118,.58064514,.41935483,31
96,1,7.0526314,2.6842105,2.2631578,2.1052632,10.818182,4.3636365,3.1818182,3.2727273,10.692307,4.1538463,3.6923077,2.8461537,10.692307,3.1538463,4.2307692,3.3076923,.36842105,.68421054,19
97,1,7.75,3,2.8214285,1.9285715,10.785714,4.7857141,3.2857144,2.7142856,11.117647,4.2941175,3.8235295,3,12.642858,4.7857141,4.0714288,3.7857144,.42857143,.71428573,28
98,0,6.9000001,2.8,2.25,1.85,11.777778,5,3.6666667,3.1111112,10.375,4.625,3.375,2.375,10.6,4.3000002,3.5,2.8,.69999999,.44999999,20
99,1,5.9285712,2.4285715,2,1.5,8.7777777,3.8888888,2.7777777,2.1111112,8.333333,3.3333333,2.6666667,2.3333333,10.875,3.75,3.875,3.25,.35714287,1,14
100,1,7.5454545,2.7272727,2.5454545,2.2727273,10.428572,4,3.1428571,3.2857144,8.833333,3.5,2.8333333,2.5,10.833333,4,3.8333333,3,.45454547,.45454547,11
101,0,5.5185184,1.7777778,2.2962964,1.4444444,8,3,2.625,2.375,8.5,3.3571429,2.7142856,2.4285715,8.7333336,3.8,2.4666667,2.4666667,.48148149,.2962963,27
102,0,6.3600001,2.28,2.4000001,1.6799999,8.5882349,3.4705882,2.8235295,2.2941177,8.333333,3.25,2.75,2.3333333,8.818182,3.3636363,2.8181818,2.6363637,.36000001,.16,25
103,0,4.9333334,1.6,2,1.3333334,9,3.5999999,3,2.4000001,9.666667,3.6666667,3.2222223,2.7777777,10.583333,4.5,3.25,2.8333333,.26666668,1,15
104,0,7.3000002,3.1333334,2.3333333,1.8333334,10.176471,4.7647057,3,2.4117646,10.727273,4.7727275,3.090909,2.8636363,11.111111,4.6666665,3.2222223,3.2222223,.53333336,.033333335,30
105,1,9.166667,3.7,2.7,2.7666667,10.958333,4.375,3.2083333,3.375,11.647058,4.7647057,3.4705882,3.4117646,13.266666,5.1999998,4,4.0666666,.5,.69999999,30
106,0,6.7096772,2.4516129,2.1612904,2.0967741,9.9473686,4.3157897,2.5789473,3.0526316,9.1000004,3.95,2.75,2.4000001,9.3888893,3.9444444,2.9444444,2.5,.45161289,.032258064,31
107,0,6.0740743,2.074074,2.2222223,1.7777778,8.8235292,3.4705882,2.8823528,2.4705882,7.7647057,3.0588236,2.7647059,1.9411764,7.9285712,3,2.7857144,2.1428571,.4074074,.11111111,27
108,1,7.4583335,3.0833333,2.3333333,2.0416667,11,5.3571429,3.0714285,2.5714285,11.642858,5.5714288,3.2142856,2.8571429,13.5,5.5,4.3333335,3.6666667,.5,.083333336,24
109,0,9.772727,3.590909,2.7272727,3.4545455,12.142858,4.5714288,3.3571429,4.2142859,12.066667,4.6666665,3.6666667,3.7333333,12.461538,5,3.3076923,4.1538463,.45454547,.13636364,22
110,0,8.4324322,3.5945945,2.5675676,2.2702703,11.571428,5.0476189,3.3333333,3.1904762,11.428572,5.0952382,3.4285715,2.9047618,11.130435,4.9130435,3.3043478,2.9130435,.51351351,.24324325,37
111,1,9.208333,3.75,2.9166667,2.5416667,13.125,5.3125,3.8125,4,12.875,5,4.0625,3.8125,13.153846,5.2307692,4.0769229,3.8461537,.33333334,.16666667,24
112,1,6.9000001,3,2,1.9,11.166667,4.6666665,3.3333333,3.1666667,11.25,4.75,3.5,3,6.8000002,2.5999999,2.5999999,1.6,.5,1,10
113,1,5.4000001,1.8666667,1.9333333,1.6,9.8571424,3.8571429,3.4285715,2.5714285,9.375,3.5,3.125,2.75,9.1000004,2.8,3.3,3,.40000001,0,15
114,1,7.5384617,3.0769231,2.4230769,2.0384614,11,4.3125,3.5,3.1875,11.133333,4.4000001,3.4000001,3.3333333,11.428572,4.2142859,3.7142856,3.5,.5,.84615386,26
115,0,5.2083335,1.875,2.2083333,1.125,8.9230766,3.6153846,3,2.3076923,7.9230771,2.6923077,2.9230769,2.3076923,9,3,3.2857144,2.7142856,.58333331,.20833333,24
116,1,7.04,2.3599999,2.4400001,2.24,9.6428576,3.4285715,3,3.2142856,9.9375,3.8125,3.3125,2.8125,11.153846,4.1538463,3.6153846,3.3846154,.51999998,1,25
117,1,6.7142859,2.5,2.5,1.7142857,9.5,3.75,3.125,2.625,11.3,4.9000001,3.4000001,3,14,5.4444447,4.4444447,4.1111112,.5714286,1,14
118,0,7.9523811,3.4285715,2.2380953,2.2857144,9.666667,4.3333335,2.5,2.8333333,9.25,4.0833335,2.75,2.4166667,9.818182,4.3636365,2.6363637,2.8181818,.33333334,.80952382,21
119,0,9.7619047,3.9523809,3.5238094,2.2857144,13.615385,5.3076925,4.3846154,3.9230769,13.272727,5.181818,4.5454545,3.5454545,13.6,5.1999998,4.3000002,4.0999999,.42857143,1,21
120,0,4.1111112,1.5,1.6111112,1,6.0999999,2.4000001,2.3,1.4,5.75,2.125,2.125,1.5,7.5999999,3,2.5,2.0999999,.55555558,1,18
121,1,7.448276,2.7586207,2.5862069,2.1034484,10.6,4.5500002,3.25,2.8,11.058824,4.8235292,3.4117646,2.8235295,9.7692308,3.8461537,3.4615386,2.4615386,.51724136,.82758623,29
122,0,6.0666666,2.3333333,2.2,1.5333333,9,3.5833333,3.1666667,2.25,9.4444447,4,3,2.4444444,8.833333,3,3.6666667,2.1666667,.33333334,0,15
123,0,9.0384617,3.7307692,2.9230769,2.3846154,12.055555,4.8333335,3.5,3.7222223,12,4.8571429,3.4285715,3.7142856,13,5.1428571,3.7857144,4.0714288,.34615386,1,26
124,0,8,3.5789473,2.3684211,2.0526316,10.5,4.75,3,2.75,9.6153851,4.0769229,2.9230769,2.6153846,10.181818,4.3636365,3,2.8181818,.52631581,.15789473,19
125,0,5.5999999,1.9,2.2,1.5,8,3.6666667,2.3333333,2,7.3333335,2.6666667,2.5,2.1666667,9.1428576,3.5714285,3.2857144,2.2857144,.40000001,1,10
126,1,5.7142859,2.2142856,2.0714285,1.4285715,9.333333,4.1666665,3.1666667,2,7.625,3.25,2.625,1.75,11,4.4545455,3.7272727,2.8181818,.5,.2857143,14
127,0,5.4615383,2.0769231,2,1.3846154,7.5,3.375,2.625,1.5,7.1999998,3,2.5999999,1.6,,,,,.46153846,0,13
128,0,5,1.8571428,1.8571428,1.2857143,6.8888888,2.7777777,2.4444444,1.6666666,6.2857141,2.4285715,2.2857144,1.5714285,9.375,4,3,2.375,.2857143,.35714287,14
129,0,6.9615383,2.6538463,2.6153846,1.6923077,10.428572,4.2142859,3.4285715,2.7857144,10,4.2307692,3.3076923,2.4615386,11.3125,4.75,3.5625,3,.42307693,.5,26
130,0,9.8148146,3.7037036,3.5185184,2.5925925,12.214286,4.7142859,4.2857141,3.2142856,11.894737,4.6315789,3.8947368,3.3684211,11.722222,4.3333335,3.8333333,3.5555556,.55555558,0,27
131,1,7.840909,3.2727273,2.8636363,1.7045455,10.346154,4.6153846,3.2692308,2.4615386,11.590909,5.2272725,3.6818182,2.6818182,12.4,5.0799999,4,3.3199999,.47727272,.29545453,44
132,1,7.6341462,2.8536584,2.4878049,2.2926829,10.619047,4.5238094,3.2857144,2.8095238,10.318182,4.2272725,3.409091,2.6818182,12.384615,4.5769229,3.6923077,4.1153846,.53658539,.073170729,41
133,1,7.6750002,2.825,2.6500001,2.2,10.88,4.52,3.3599999,3,10.608696,4,3.4782608,3.1304348,12.3,4.5,3.75,4.0500002,.44999999,.32499999,40
134,1,8.5333338,3.2666667,2.8666666,2.4000001,11.333333,4.8888888,3.5555556,2.8888888,12.25,4.5,4.25,3.5,14.285714,5,4.8571429,4.4285712,.53333336,.06666667,15
135,1,6.0952382,1.9523809,2.3809524,1.7619047,9,3.6153846,3.2307692,2.1538463,9.3571424,3.4285715,3.5714285,2.3571429,9.636364,3.3636363,3.2727273,3,.38095239,.095238097,21
136,0,4.9705882,1.7058823,1.9117647,1.3529412,7.0526314,2.4736843,2.5789473,2,7.130435,2.6086957,2.5217392,2,9.6875,3.875,2.875,2.9375,.52941179,.14705883,34
137,0,4.2222223,1.2222222,2,1,4.5714288,1.4285715,2.1428571,1,5,1.8571428,2,1.1428572,6.75,2.5,2,2.25,.66666669,.44444445,9
138,0,5.7199998,2.2,2.1600001,1.36,8.4285717,3.8571429,2.4285715,2.1428571,8,3.1428571,2.7142856,2.1428571,8.4285717,3.4285715,2.6428571,2.3571429,.51999998,.80000001,25
139,1,6.9166665,2.5,2.5833333,1.8333334,9.3076925,3.6153846,3.3846154,2.3076923,9.7857141,3.7857144,3.5714285,2.4285715,11.8125,4.0625,4.125,3.625,.375,.16666667,24
140,0,6.7083335,2.75,2.375,1.5833334,9.2666664,4.1333332,2.9333334,2.2,8.1875,3.5625,2.75,1.875,10.066667,4.4000001,3,2.6666667,.54166669,.125,24
141,0,7.318182,2.8636363,2.409091,2.0454545,10.214286,4.0714288,3,3.1428571,9.166667,3.6666667,2.9166667,2.5833333,10.181818,4.3636365,3,2.8181818,.5,0,22
142,0,5.9000001,2.0999999,2.4000001,1.4,8.666667,3.1666667,2.8333333,2.6666667,9.7142859,4,3,2.7142856,11,4.8333335,3.1666667,3,.5,1,10
143,0,7.9333334,3.3333333,2.8,1.8,10.6,4.3000002,3.5,2.8,10.7,4.4000001,3.5,2.8,12.285714,5.4285712,3.5714285,3.2857144,.53333336,.40000001,15
144,1,9.0714283,3.7142856,2.8928571,2.4642856,12.5,5.2142859,3.8571429,3.4285715,13,5.1176472,3.8823528,4,13.263158,5.3684211,4.0526314,3.8421052,.5714286,.25,28
145,1,5.3000002,1.9,1.9,1.5,7.6363635,2.909091,2.7272727,2,8.454545,3.5454545,2.4545455,2.4545455,12.5,4.9166665,3.9166667,3.6666667,.44999999,.5,20
146,0,9.625,3.9375,3.3125,2.375,10.714286,4.7857141,3.2142856,2.7142856,10.375,4.25,3.375,2.75,11.5,4.8333335,3.5,3.1666667,.3125,.1875,16
147,0,8.4615383,3.5384614,3.2307692,1.6923077,12.142858,5,4.4285712,2.7142856,11.75,5,3.875,2.875,10.428572,4.4285712,3.2857144,2.7142856,.23076923,0,13
148,0,4.4285712,1.5714285,1.8571428,1,5.4000001,1.8,2.2,1.4,5.25,1.75,2.25,1.25,5.75,1.75,2.25,1.75,.5714286,0,7
149,0,6,2,2.5,1.5,6.5,2.5,2,2,4,1,2,1,,,,,.5,.25,4
150,0,7.4444447,2.8888888,2.4444444,2.1111112,9.6999998,4.0999999,2.9000001,2.7,9.75,3.5833333,2.8333333,3.3333333,10.7,4.3000002,2.7,3.7,.44444445,1,18
151,1,7.1666665,2.8333333,2.4583333,1.875,10.846154,4.6153846,3.4615386,2.7692308,9.083333,3.5,3,2.5833333,11.5,4.5714288,3.7142856,3.2142856,.54166669,.33333334,24
152,1,5,1.7368422,1.8421053,1.4210526,6.8000002,2.2666667,2.5333333,2,5.25,1.5833334,2.3333333,1.3333334,7.2222223,2.3333333,2.7777777,2.1111112,.42105263,0,19
153,1,4.090909,1.2727273,1.5454545,1.2727273,5.5714288,2,2,1.5714285,5,1.6666666,1.8333334,1.5,5.6666665,1.6666666,2.3333333,1.6666666,.54545456,1,11
154,1,6.7142859,2.5714285,2.3928571,1.75,9.5,3.625,3.4375,2.4375,10.142858,4.0714288,3.3571429,2.7142856,11.461538,4.3076925,3.7692308,3.3846154,.53571427,.53571427,28
155,0,5.7096772,2.1612904,1.9032258,1.6451613,8.3999996,3.3333333,2.4000001,2.6666667,7.4705882,2.9411764,2.5294118,2,8.666667,3.7222223,2.8888888,2.0555556,.48387095,.93548387,31
156,0,4.8421054,1.6315789,1.7368422,1.4736842,8.125,2.75,2.875,2.5,8.545455,2.7272727,3.2727273,2.5454545,10.230769,4.6153846,3,2.6153846,.47368422,.94736844,19
157,0,5.9166665,2.4583333,2.125,1.3333334,8.3125,3.5,3.0625,1.75,8,3.1875,3.0625,1.75,10.846154,4.4615383,3.3076923,3.0769231,.5,.625,24
158,1,5.875,2.4375,2.0625,1.375,7.3333335,3.3333333,2.2222223,1.7777778,10,4.7777777,3.1111112,2.1111112,12.111111,4.2222223,4,3.8888888,.625,0,16
159,0,8.5263157,3.3157895,3.1052632,2.1052632,10.428572,4.1428571,3.6428571,2.6428571,12.777778,4.8888888,4.4444447,3.4444444,13.222222,5.7777777,4,3.4444444,.47368422,.10526316,19
160,1,6.1999998,2,2.2,2,9.75,3.25,3.5,3,11.625,4.25,3.875,3.5,14.375,5.125,4.5,4.75,.5,.2,10
161,0,5.3636365,2,2,1.3636364,8,3,2.5,2.5,9,3,3.1666667,2.8333333,9.5714283,3.7142856,3,2.8571429,.72727275,.36363637,11
162,0,5.8421054,2.0526316,2.1578948,1.6315789,9.181818,3.909091,2.8181818,2.4545455,9.666667,4.3333335,3,2.3333333,11.2,4.9000001,3.4000001,2.9000001,.42105263,.7368421,19
163,1,7.875,2.7916667,2.7916667,2.2916667,10.6,4,3.4000001,3.2,10.75,4.25,3.25,3.25,14.5,5.25,4.625,4.625,.45833334,.33333334,24
164,0,6.1578946,2.2105262,2.1578948,1.7894737,9.3999996,3.9000001,2.9000001,2.5999999,7.75,2.9166667,2.5833333,2.25,8.7777777,3.6666667,2.4444444,2.6666667,.52631581,.63157892,19
165,1,4.6666665,1.4444444,1.8888888,1.3333334,8.666667,3.3333333,3,2.3333333,8,3,2.6666667,2.3333333,6.75,2.625,2.5,1.625,.33333334,.8888889,9
166,0,7.0869565,2.9130435,2.3043478,1.8695652,9.5333338,4,2.9333334,2.5999999,9.1333332,3.8,2.8,2.5333333,10.333333,4.4166665,3.0833333,2.8333333,.52173913,.52173913,23
167,1,6.1846156,2.2307692,2.1692307,1.7846154,9.3249998,3.5250001,3.2249999,2.575,8.4864864,3.1351352,3.1351352,2.2162163,10.548388,3.5483871,3.483871,3.516129,.56923079,.40000001,65
168,1,5.0625,1.625,2.0625,1.375,7.7777777,2.6666667,2.7777777,2.3333333,6.2222223,1.7777778,2.7777777,1.6666666,12.833333,4,4.5,4.3333335,.4375,1,16
169,0,6.1666665,2.0555556,2.3888888,1.7222222,9.1428576,3.5714285,3,2.5714285,7.5999999,2.7,2.7,2.2,8.727273,3.4545455,3.090909,2.1818182,.5,0,18
170,0,8.166667,3.1666667,2.75,2.25,11.25,4.75,3.625,2.875,10.857142,4.7142859,3.1428571,3,11.5,4.6666665,3.5,3.3333333,.41666666,.83333331,12
171,0,7.6666665,3.0833333,2.3333333,2.25,9.9230766,4.3076925,3.2307692,2.3846154,11.181818,4.4545455,3.5454545,3.1818182,13.090909,5.3636365,3.2727273,4.4545455,.5,.29166666,24
172,1,5.6296296,1.8518518,1.962963,1.8148148,9.333333,3.1333334,3.1333334,3.0666666,9.4285717,3.0714285,3.2857144,3.0714285,12.294118,4.1764708,4.1764708,3.9411764,.55555558,.48148149,27
173,0,8.0799999,2.5999999,2.8,2.6800001,10.357142,3.6428571,3.5714285,3.1428571,10.066667,3.4000001,3.6666667,3,12.4375,5.25,3.875,3.3125,.51999998,.16,25
174,1,4.4166665,1.6666666,1.75,1,6.75,2.375,2.5,1.875,6.8571429,2.2857144,2.4285715,2.1428571,11.166667,3.6666667,3.5,4,.66666669,1,12
175,0,7.6111112,2.8333333,2.8333333,1.9444444,11.083333,4.4166665,3.5833333,3.0833333,10.272727,4.6363635,3.2727273,2.3636363,11.181818,5.181818,3.2727273,2.7272727,.5,.6111111,18
176,0,6.8000002,2.4000001,2.4000001,2,10,3.8,3.2,3,8.3999996,2.8,3.2,2.4000001,8.8000002,3,3.4000001,2.4000001,.53333336,.60000002,15
177,0,6.647059,2.3235295,2.5,1.8235294,9.9523811,4.2380953,3.0476191,2.6666667,9.333333,3.7142856,3.0476191,2.5714285,10.9375,4.8125,3.1875,2.9375,.52941179,.32352942,34
178,1,6.8499999,2.45,2.25,2.1500001,10.333333,4,2.8888888,3.4444444,10.230769,3.9230769,3,3.3076923,11.375,4.125,3.4375,3.8125,.55000001,.60000002,20
179,0,7.7333331,2.9333334,2.5999999,2.2,9.2777777,4.1666665,2.7777777,2.3333333,10.222222,4.4444447,3.1111112,2.6666667,10.235294,4.1176472,3.2941177,2.8235295,.43333334,.06666667,30
180,1,9.5769234,3.5769231,2.9230769,3.0769231,13.6,5.4666667,4,4.1333332,13,5.25,3.9166667,3.8333333,13.714286,5.3571429,4.3571429,4,.53846157,.03846154,26
181,0,8.041667,2.7916667,2.6666667,2.5833333,9.3684206,3.6315789,2.8947368,2.8421052,8.8666668,3.5999999,2.7333333,2.5333333,10.4,4.3000002,3,3.0999999,.54166669,.041666668,24
182,1,5.875,2.0416667,2.25,1.5833334,8.333333,3.0666666,3.0666666,2.2,7.375,2.4375,2.8125,2.125,8,2.9333334,2.9333334,2.1333334,.5,.16666667,24
183,0,7.1153846,3.1538463,2.1923077,1.7692307,9.7857141,4.3571429,2.7857144,2.6428571,10.375,4.8125,2.75,2.8125,10.705882,4.9411764,2.7058823,3.0588236,.34615386,.26923078,26
184,1,6.0540543,2.2432432,2.2432432,1.5675676,9.5500002,3.75,3.0999999,2.7,9.818182,3.7272727,3.2727273,2.8181818,10.173913,3.652174,3.6086957,2.9130435,.54054052,.081081077,37
185,0,6.4615383,2.4358974,2.1025641,1.9230769,9.5714283,3.7619047,3.0476191,2.7619047,8.4399996,3,2.6400001,2.8,9.2799997,3.6400001,2.9200001,2.72,.38461539,.15384616,39
186,1,7.3809524,3.0952382,2.6190476,1.6666666,10.666667,4.0833335,3.5,3.0833333,11.727273,4.4545455,3.6363637,3.6363637,12.9,5,4,3.9000001,.38095239,.047619049,21
187,1,7.9761906,3.2142856,2.7142856,2.0476191,10.733334,4.4333334,3.2666667,3.0333333,10.37037,4.2962961,3.2962964,2.7777777,11.9,4.3000002,3.95,3.6500001,.45238096,.42857143,42
188,1,7.318182,2.7045455,2.4545455,2.159091,12.08,4.96,4,3.1199999,11.73913,4.304348,3.826087,3.6086957,13.333333,5.0952382,4.2857141,3.9523809,.45454547,.27272728,44
189,0,6.8076925,2.3076923,2.8076923,1.6923077,8.9375,3.3125,3.4375,2.1875,9.1538458,4.3846154,2.8461537,1.9230769,8.7142859,3.9285715,2.8571429,1.9285715,.38461539,.61538464,26
190,1,6.0526314,2.4210527,2.2105262,1.4210526,8.1000004,3.4000001,2.5999999,2.0999999,8.181818,3.2727273,2.909091,2,11.777778,4.3333335,3.5555556,3.8888888,.63157892,.47368422,19
191,0,6.1388888,2.2222223,2.3472223,1.5694444,8.6904764,3.4285715,3.1190476,2.1428571,8.8421049,3.6052632,2.9210527,2.3157895,9.6206894,3.8965516,3.1379311,2.5862069,.45833334,.083333336,72
192,1,5.4358974,2,1.9230769,1.5128205,7.478261,3.0434783,2.4347825,2,6.5714288,2.6666667,2.0476191,1.8571428,8.5,3.3,2.8499999,2.3499999,.66666669,.66666669,39
193,1,5.2941175,2.1176472,1.9411764,1.2352941,7.5454545,2.909091,2.4545455,2.1818182,10.454545,3.909091,3.3636363,3.1818182,13.8,5.3000002,4.1999998,4.3000002,.35294119,.35294119,17
194,0,6.5384617,2.6153846,2.1538463,1.7692307,10.333333,4.5,3.5,2.3333333,8.333333,3.1666667,2.8333333,2.3333333,11.571428,4.7142859,3.4285715,3.4285715,.46153846,.46153846,13
195,1,7.5,2.7916667,2.7291667,1.9791666,11,4.5,3.6785715,2.8214285,10.275862,3.9655173,3.3448277,2.9655173,13.173913,4.9130435,3.9565217,4.304348,.58333331,.25,48
196,0,7,2.6842105,2.4210527,1.8947369,10.6,4.6999998,3.5,2.4000001,10.2,4.0999999,3,3.0999999,11.142858,5,3,3.1428571,.42105263,0,19
197,1,6.5,2.5333333,2.1333334,1.8333334,9,3.6666667,2.8666666,2.4666667,9,3.6470587,3.1764705,2.1764705,10.714286,3.8571429,3.6428571,3.2142856,.63333333,.1,30
198,0,7.1538463,2.5897436,2.6153846,1.948718,10.086957,4.173913,3.2173913,2.6956522,9.26087,3.5652175,3.2608695,2.4347825,8.9473686,3.7894738,2.8421052,2.3157895,.56410259,.12820514,39
199,1,6.6904764,2.6666667,2.1428571,1.8809524,9.625,4.0833335,2.9166667,2.625,9.5714283,3.5357144,2.9642856,3.0714285,12,4.4166665,3.875,3.7083333,.47619048,.38095239,42
200,0,6.5531917,2.319149,2.1914895,2.0425532,9.5600004,3.9200001,2.96,2.6800001,7.7037039,2.6666667,2.8148148,2.2222223,7.875,2.875,2.75,2.25,.4893617,.21276596,47
201,0,6.9259257,2.5555556,2.4814816,1.8888888,10.266666,4.2666669,3.2666667,2.7333333,11.470589,4.2352943,3.7058823,3.5294118,11.588235,5.0588236,3.2941177,3.2352941,.51851851,.4074074,27
202,1,8.1999998,3.4400001,2.52,2.24,12.357142,5.0714288,3.7142856,3.5714285,11,4.5999999,3.3,3.0999999,10.642858,3.5714285,3.7857144,3.2857144,.95999998,.079999998,25
203,0,6.9333334,2.9333334,2.3333333,1.6666666,10.764706,5.0588236,3.2352941,2.4705882,9.833333,4.1666665,3.1666667,2.5,9.916667,4.25,3.1666667,2.5,.56666666,.43333334,30
204,0,6.52,2.76,2,1.76,10.357142,4.5714288,3,2.7857144,9.7142859,3.8571429,3,2.8571429,10.8125,4.3125,3.3125,3.1875,.44,.40000001,25
205,1,6.5806451,2.3870969,2.4516129,1.7419355,8.8000002,3.55,3.2,2.05,8.666667,3.2666667,3.2666667,2.1333334,11.4375,4.1875,3.9375,3.3125,.48387095,.12903225,31
206,1,8,3.032258,2.7741935,2.1935484,10.857142,4.3333335,3.4285715,3.0952382,10.2,4.3499999,3.1500001,2.7,11.133333,3.7333333,3.9333334,3.4666667,.45161289,.32258064,31
207,1,6.5714288,2.5238094,2.2380953,1.8095238,8.0769234,3.1538463,2.7692308,2.1538463,10.923077,4.3846154,3.3076923,3.2307692,13.916667,4.9166665,4.5,4.5,.47619048,.2857143,21
208,1,6.6071429,2.3928571,2.6071429,1.6071428,8.9473686,3.6842105,2.9473684,2.3157895,9.0588236,3.7058823,3.1176472,2.2352941,10.733334,3.5333333,3.8,3.4000001,.4642857,.25,28
209,0,4.875,1.75,1.84375,1.28125,5.6086955,2.0869565,2.2173913,1.3043479,7.8235292,3.1176472,2.6470587,2.0588236,8,3.3076923,2.4615386,2.2307692,.40625,.21875,32
210,1,8.1999998,3.0285714,2.6571429,2.5142858,11.5,4.4545455,3.5454545,3.5,10.666667,3.8095238,3.2380953,3.6190476,11.428572,3.9523809,4,3.4761906,.45714286,.14285715,35
211,0,5.2777777,2.0555556,1.9444444,1.2777778,7.5999999,2.9000001,2.8,1.9,7.4000001,3,2.9000001,1.5,8.2857141,3.1428571,3,2.1428571,.5,.16666667,18
212,1,4.8823528,1.8235294,1.7058823,1.3529412,6.4000001,2.5,2.2,1.7,5.875,2.375,2,1.5,9.7142859,4,2.5714285,3.1428571,.47058824,0,17
213,0,6.0869565,2.3043478,2.0869565,1.6956521,9.083333,4.25,2.9166667,1.9166666,9.333333,4,3,2.3333333,8.6000004,4,2.8,1.8,.39130434,1,23
214,1,8.75,3.4000001,3,2.3499999,12.272727,4.909091,4,3.3636363,,,,,,,,,.5,.89999998,20
215,0,6.1999998,2.4000001,2.28,1.52,8.0666666,3.2,2.8,2.0666666,7.75,3.1875,2.8125,1.75,8.5384617,3.9230769,2.7692308,1.8461539,.44,.039999999,25
216,0,4.7894735,1.6842105,1.8947369,1.2105263,7.2857141,2.8571429,2.5714285,1.8571428,7,2.4000001,2.9000001,1.7,6.6923075,2.2307692,2.7692308,1.6923077,.52631581,.52631581,19
217,0,5.3076925,1.8307692,2.0307693,1.4461539,7.2285714,2.8285713,2.4285715,1.9714285,7.2972975,2.6486487,2.7567568,1.8918918,8,3,2.7894738,2.2105262,.43076923,.66153848,65
218,1,7.3137255,2.6078432,2.4705882,2.2352941,9.9354839,4,3.0967741,2.8387096,9.7096777,3.6129031,3.2258065,2.8709676,11.62963,4.2962961,3.5925925,3.7407408,.39215687,.15686275,51
219,0,5.6666665,1.962963,2.1111112,1.5925926,7.5555553,3,2.5,2.0555556,7.1428571,2.1428571,2.5714285,2.4285715,9.272727,3.5454545,3.090909,2.6363637,.48148149,.7037037,27
220,1,5.4137931,2.0344827,2,1.3793104,8.7857141,3.7857144,2.7142856,2.2857144,9,3.3888888,3.2777777,2.3333333,11.6,4.1999998,4,3.4000001,.51724136,.51724136,29
221,1,6.3888888,2.6666667,2,1.7222222,8.727273,3.5454545,2.7272727,2.4545455,10.5,4.0833335,3.5833333,2.8333333,13.2,5.0999999,4.0999999,4,.27777779,.66666669,18
222,1,6.8125,2.8125,2.3125,1.6875,9.1000004,3.9000001,2.7,2.5,9.125,3.25,3.375,2.5,10.333333,3.6666667,3.5,3.1666667,.625,.1875,16
223,1,6.1612902,2.467742,2.1935484,1.5,9.1470585,3.9411764,2.9411764,2.2647059,8.666667,3.6363637,2.7878788,2.2424242,10.142858,3.8285713,3.2857144,3.0285714,.46774194,.17741935,62
224,0,6.6363635,2.2727273,2.1818182,2.1818182,8.8947372,3.4736843,2.8947368,2.5263157,8.2105265,2.9473684,2.7894738,2.4736843,9.2380953,3.4761906,3.1904762,2.5714285,.54545456,.75757575,33
225,0,7.2222223,2.7037036,2.3333333,2.1851852,10.3125,3.9375,3.25,3.125,9.1999998,3.4666667,2.9333334,2.8,9.6153851,3.9230769,3.0769231,2.6153846,.37037036,.2962963,27
226,1,5.4705882,1.8529412,2,1.6176471,7.5500002,3.0999999,2.5,1.95,8.8235292,3.7058823,3,2.1176472,12,4.1428571,4.0952382,3.7619047,.32352942,.5,34
227,1,4.8461537,2,1.6923077,1.1538461,6.875,3.375,2.125,1.375,6.3333335,3.1666667,2,1.1666666,10.666667,4,3.3333333,3.3333333,.53846157,.92307693,13
228,1,5.7857141,2.5,2.0714285,1.2142857,10.166667,4,3.5,2.6666667,9.7777777,4.6666665,2.8888888,2.2222223,12.25,4.375,3.875,4,.42857143,1,14
229,0,8.8888893,3.6666667,2.6666667,2.5555556,10.615385,4.3076925,3.1538463,3.1538463,11.333333,4.5,3.3333333,3.5,9,3.5714285,2.7142856,2.7142856,.55555558,.11111111,18
230,1,5.78125,2.0625,2.09375,1.625,8,3.1111112,2.3888888,2.5,8.4736843,3.4210527,2.6842105,2.3684211,9.7894735,3.7894738,3.1578948,2.8421052,.53125,.3125,32
231,0,6.0416665,2.125,2.4583333,1.4583334,7.1111112,2.4444444,2.7777777,1.8888888,6.4000001,2.4000001,2.4000001,1.6,7.25,3,2.5,1.75,.5,.41666666,24
232,1,6.4827585,2.1724138,2.4137931,1.8965517,9.9411764,3.7647059,3.4117646,2.7647059,11.294118,4.2941175,3.7058823,3.2941177,12.941176,4.4705882,4.4117646,4.0588236,.51724136,.79310346,29
233,1,6.6923075,2.6923077,2.2692308,1.7307693,9.8235292,4,3.1764705,2.6470587,8.4666662,3.3333333,3,2.1333334,10.307693,3.4615386,3.6923077,3.1538463,.42307693,.5,26
234,0,6.5714288,2.3809524,2.2380953,1.9523809,8.8461542,3.5384614,2.6923077,2.6153846,7.9285712,3.3571429,2.5,2.0714285,9.25,3.9166667,2.9166667,2.4166667,.61904764,.095238097,21
235,0,5.0999999,1.6,1.9,1.6,6.8666668,2.5999999,2.2666667,2,7.3333335,3,2.5,1.8333334,6.6666665,2.7777777,2.2222223,1.6666666,.55000001,1,20
236,0,4.9000001,1.75,1.8,1.35,7.2727275,2.909091,2.1818182,2.1818182,6.0999999,2.0999999,2.5,1.5,5.5,2,2.125,1.375,.44999999,.89999998,20
237,0,6.7272725,2.6666667,2.4848485,1.5757576,8.666667,3.5,3,2.1666667,7.7619047,3.1904762,2.7142856,1.8571428,9.2105265,3.7894738,2.9473684,2.4736843,.5151515,.969697,33
238,0,7.8888888,3.3055556,2.5277777,2.0555556,11.8125,4.875,3.3125,3.625,10.058824,4.4117646,3.4705882,2.1764705,9.090909,3.5454545,3.409091,2.1363637,.52777779,.66666669,36
239,0,8.083333,3.1666667,2.4583333,2.4583333,11.695652,4.826087,3.5652175,3.3043478,9.5,4.090909,2.8181818,2.590909,10.434783,4.304348,3.1304348,3,.66666669,.5625,48
240,1,8.8947372,3.6315789,2.7894738,2.4736843,11.5,4.8571429,3.2857144,3.3571429,12.272727,5.181818,3.4545455,3.6363637,13.4,4.9000001,4.5,4,.47368422,.57894737,19
241,0,5.75,2.2,1.95,1.6,7.6086955,3.0434783,2.5217392,2.0434783,6.6666665,2.2222223,2.3888888,2.0555556,7.5833335,2.8333333,2.625,2.125,.60000002,.30000001,40
242,1,6.2608695,2.2608695,2.1304348,1.8695652,9.4615383,3.9230769,3,2.5384614,11.307693,4.6153846,3.5384614,3.1538463,12.357142,4.7142859,3.8571429,3.7857144,.47826087,1,23
243,1,5.1176472,1.7647059,2.2352941,1.1176471,8.7777777,3.2222223,3.8888888,1.6666666,7.5999999,2.5,3.0999999,2,9.5,3.7,3.2,2.5999999,.47058824,.64705884,17
244,1,5.6451612,1.9032258,2.0967741,1.6451613,7.8421054,3.2631578,2.4736843,2.1052632,8.2941179,3.1176472,2.7647059,2.4117646,10.333333,3.8,3.3333333,3.2,.51612902,.38709676,31
245,1,5.9000001,2.25,2.25,1.4,8.666667,3.6666667,2.8333333,2.1666667,8,3.2,2.8,2,10.142858,3.1428571,3.7142856,3.2857144,.44999999,.050000001,20
246,1,6.5,2.5999999,2.1500001,1.75,8.7142859,3.6428571,2.5714285,2.5,9.333333,3.4166667,3.25,2.6666667,9.333333,3.4444444,3.4444444,2.4444444,.44999999,.75,20
247,1,9.4499998,3.5999999,3.05,2.8,14.1,5.0999999,4.5999999,4.4000001,13.357142,5.1428571,4.2857141,3.9285715,13.909091,5.4545455,4.5454545,3.909091,.55000001,.25,20
248,1,8.7142859,3.5357144,2.9642856,2.2142856,11.625,4.625,3.875,3.125,13.625,5.4375,4.25,3.9375,15.388889,5.8888888,4.7222223,4.7777777,.5,.60714287,28
249,0,10.318182,4,3.1363637,3.1818182,12.636364,5,3.909091,3.7272727,13.888889,5.4444447,4.1111112,4.3333335,12.461538,4.6923075,3.6153846,4.1538463,.63636363,.13636364,22
250,0,7.5714288,3.0476191,2.4761906,2.0476191,10.769231,4.6153846,3.0769231,3.0769231,9.6875,4.125,3,2.5625,10.833333,4.6666665,3.25,2.9166667,.52380955,.61904764,21
251,0,6.5652175,2.4782608,2.3043478,1.7826087,9.545455,3.8181818,3.090909,2.6363637,9.875,4.0625,3.1875,2.625,10.692307,4.2307692,3.5384614,2.9230769,.47826087,.78260869,23
252,1,8.6315794,3.5789473,2.8421052,2.2105262,12.769231,5.1538463,3.7692308,3.8461537,11.5,4.25,3.6666667,3.5833333,14.3,5.4000001,4.5999999,4.3000002,.47368422,0,19
253,1,5.0799999,1.76,1.92,1.4,6.8666668,2.6666667,2.4000001,1.8,6.1333332,1.7333333,2.4666667,1.9333333,8.5333338,2.9333334,3.0666666,2.5333333,.47999999,.079999998,25
254,1,7.181818,2.6818182,2.6818182,1.8181819,9.0714283,3.6428571,3.2142856,2.2142856,8.2307692,3.0769231,3,2.1538463,9.1000004,3.0999999,3.3,2.7,.40909091,.5,22
255,0,5.9032259,1.967742,2.3225806,1.6129032,7.3684211,2.5263157,2.7368422,2.1052632,7.4736843,2.7368422,2.6842105,2.0526316,6.8235292,2.2941177,2.4705882,2.0588236,.45161289,.58064514,31
256,1,5.0666666,1.8666667,2.0666666,1.1333333,7.1111112,2.6666667,2.6666667,1.7777778,8.6999998,3.0999999,2.9000001,2.7,11.5,4,4,3.5,.46666667,.73333335,15
257,1,8.1578951,3.1052632,2.9473684,2.1052632,12.294118,5.1764708,4.0588236,3.0588236,,,,,,,,,.47368422,.10526316,19
258,1,5.2413793,2,1.9655173,1.2758621,7.6666665,3.2,2.5333333,1.9333333,7.7222223,3.1666667,2.6111112,1.9444444,10.266666,3.5333333,3.4666667,3.2666667,.48275861,.89655173,29
259,0,8,3.2,2.7666667,2.0333333,10.4,4.3333335,3.3333333,2.7333333,10.578947,4.6315789,3.3684211,2.5789473,12.285714,5.5238094,3.6190476,3.1428571,.53333336,.46666667,30
260,0,6.9285712,3.0714285,2.2857144,1.5714285,7.818182,3.3636363,2.4545455,2,9,3.4444444,2.8888888,2.6666667,13.166667,5.3333335,3.6666667,4.1666665,.2857143,.35714287,14
261,0,5.1538463,2.3076923,1.6923077,1.1538461,8.3999996,3.4000001,2.5999999,2.4000001,7.6666665,3,2.6666667,2,9.25,4,2.75,2.5,.53846157,1,13
262,0,6.3214288,2,2.3571429,1.9642857,8.166667,3,3,2.1666667,9.25,3.55,3.55,2.1500001,11,4.0555553,3.9444444,3,.42857143,.60714287,28
263,1,4.5384617,1.4615384,1.8461539,1.2307693,5.125,1.625,2,1.5,6.5999999,2.0999999,2.5999999,1.9,10.625,3.375,3.5,3.75,.53846157,.46153846,13
264,1,4.3846154,1.5384616,1.6923077,1.1538461,5.1999998,2,1.7,1.5,6.5,2.25,2.5,1.75,9.333333,3.1666667,3.1666667,3,.46153846,.92307693,13
265,0,5.6666665,1.9824561,2.0701754,1.6140351,7.1944447,2.7777777,2.4722223,1.9444444,8,3.1111112,2.5277777,2.3611112,8.666667,3.4666667,2.7,2.5,.47368422,.66666669,57
266,0,7.7017546,3.0701754,2.5438597,2.0877192,10.911765,4.352941,3.2941177,3.2647059,10.235294,4.147059,3.0882354,3,10.878788,4.5151515,3.090909,3.2727273,.42105263,.47368422,57
267,0,6.7647057,2.7058823,2.4117646,1.6470588,10.3,4.1999998,3.5,2.5999999,8.5,3.0833333,3.0833333,2.3333333,9.8999996,4.3000002,3.3,2.3,.52941179,.23529412,17
268,1,5.875,2,2.2083333,1.6666666,7.0625,2.875,2.4375,1.75,9.416667,3.6666667,3.5,2.25,9.8999996,3.2,3.3,3.4000001,.41666666,.625,24
269,0,3.8181818,1.2727273,1.5454545,1,4.8333335,1.5,2.1666667,1.1666666,5.25,1.75,2.25,1.25,5,1.4,2.2,1.4,.72727275,.72727275,11
270,0,8.333333,3.8666666,2.4666667,2,9.727273,4.5454545,3,2.1818182,10.6,5,3.4000001,2.2,11,4.875,3.375,2.75,.53333336,0,15
271,1,7.8461537,3.1538463,2.5769231,2.1153846,10.733334,4.1333332,3.5333333,3.0666666,11.4,4.5999999,3.5999999,3.2,11.6,4.1333332,4.1333332,3.3333333,.5,.30769232,26
272,1,6.1951218,2.5365853,2.1219511,1.5365853,8.681818,3.590909,2.909091,2.1818182,8.73913,3.3913043,2.7391305,2.6086957,10.36,3.72,3.48,3.1600001,.41463414,.85365856,41
273,1,5.5714288,2.2857144,2,1.2857143,8.875,3.625,2.5,2.75,8.5,3.5,2.5999999,2.4000001,10.363636,4,3.090909,3.2727273,.2857143,0,14
274,1,8.291667,3.4583333,2.6666667,2.1666667,10.647058,4.4705882,3.1176472,3.0588236,10.333333,4.0833335,3.0833333,3.1666667,12.272727,4.4545455,4,3.8181818,.58333331,.041666668,24
275,0,7.5,2.590909,2.6818182,2.2272727,9.25,3.5,3,2.75,8.7142859,3.5,2.7142856,2.5,9.181818,4,2.909091,2.2727273,.40909091,0,22
276,1,8,3.375,2.5,2.125,9.75,4,3,2.75,10.5,3.6666667,3.3333333,3.5,11,3.6666667,3.6666667,3.6666667,.625,.25,8
277,1,7.0714288,3.0357144,2.1785715,1.8571428,8.5789471,3.6315789,2.5263157,2.4210527,8.8823528,3.7058823,2.7647059,2.4117646,11.461538,4.5384617,3.6153846,3.3076923,.4642857,1,28
278,0,8.1875,3.4375,2.875,1.875,9.8461542,4.3076925,3.1538463,2.3846154,11.75,5.25,3.5,3,11.333333,5,3.5,2.8333333,.6875,.8125,16
279,1,4.8333335,1.5555556,1.8333334,1.4444444,6.0833335,2.0833333,2.1666667,1.8333334,5.7272725,1.8181819,2.4545455,1.4545455,8.363636,2.7272727,2.909091,2.7272727,.55555558,1,18
280,1,7.5999999,3.2,2.5999999,1.8,8.3999996,3.5999999,2.5999999,2.2,8,3,2.6666667,2.3333333,9,4,3,2,.40000001,.2,5
281,1,5.5806451,2.1290324,2,1.4516129,6.8499999,2.8499999,2.3499999,1.65,8.2380953,3.2380953,2.6666667,2.3333333,11.444445,3.8333333,3.8333333,3.7777777,.58064514,.064516127,31
282,0,5.5,2.25,2,1.25,7.090909,3,2.3636363,1.7272727,8.2222223,3.3333333,3.1111112,1.7777778,10.2,4.8000002,2.8,2.5999999,.4375,.125,16
